Track Name,Artist,Density,Multi,Signatures,Syll.
You Broke My Heart,Drake,68.5,20.2,134,663
First Person Shooter (feat. J. Cole),Drake,63.1,19.1,102,534
MELTDOWN (feat. Drake),Drake,60.4,21.1,86,407
Slime You Out (feat. SZA),Drake,60.0,20.0,142,710
On The Radar Freestyle,Drake,61.4,19.7,140,709
Evil Ways (feat. J. Cole),Drake,57.9,19.9,148,744
Search & Rescue,Drake,72.2,10.3,86,836
The Shoe Fits,Drake,66.4,14.4,184,1275
Jimmy Cooks (feat. 21 Savage),Drake,60.0,19.2,96,500
Fair Trade (with Travis Scott),Drake,67.6,17.6,111,632
Rich Flex,Drake,59.5,20.9,107,511
Red Button,Drake,57.1,18.9,123,652
Who Told You (feat. Drake),Drake,52.8,30.5,71,233
On BS,Drake,70.3,15.3,115,751
WAIT FOR U (feat. Drake & Tems),Drake,66.6,21.0,90,428
We Caa Done (feat. Drake),Drake,76.5,7.8,27,345
Wick Man,Drake,48.9,22.1,135,610
STAYING ALIVE (feat. Drake & Lil Baby),Drake,64.9,13.0,56,430
Privileged Rappers,Drake,62.4,20.7,71,343
Wants and Needs (feat. Lil Baby),Drake,65.7,19.8,85,429
What’s Next,Drake,67.2,15.8,113,713
Stories About My Brother,Drake,62.8,14.4,158,1100
Major Distribution,Drake,61.1,22.7,85,375
TSU,Drake,69.4,13.4,123,918
Spin Bout U,Drake,55.8,23.3,106,455
Sticky,Drake,62.1,18.7,111,594
Lemon Pepper Freestyle (feat. Rick Ross),Drake,56.3,16.1,191,1185
Way 2 Sexy (with Future & Young Thug),Drake,49.4,32.4,55,170
Champagne Poetry,Drake,63.1,14.9,169,1134
Chicago Freestyle (feat. Giveon),Drake,61.5,21.9,108,494
Massive,Drake,60.8,21.7,62,286
Stars Align (with Drake),Drake,69.8,14.3,60,421
Girls Want Girls (with Lil Baby),Drake,74.6,13.0,67,515
BackOutsideBoyz,Drake,69.7,15.7,97,617
Talk To Me,Drake,77.9,14.8,102,689
In The Bible (with Lil Durk & Giveon),Drake,73.5,17.1,77,449
Hours In Silence,Drake,64.8,18.5,158,852
You're Mines Still (feat. Drake),Drake,71.9,18.5,103,558
Race My Mind,Drake,66.7,18.9,110,583
Laugh Now Cry Later (feat. Lil Durk),Drake,68.4,15.0,106,708
Circo Loco,Drake,59.1,24.2,104,430
No Friends In The Industry,Drake,64.0,16.3,124,763
Over The Top (feat. Drake),Drake,65.7,21.7,85,391
POPSTAR (feat. Drake),Drake,62.6,16.4,119,727
Currents,Drake,54.1,30.4,59,194
GREECE (feat. Drake),Drake,69.0,18.4,99,538
Pussy & Millions (feat. Travis Scott),Drake,67.0,13.3,62,467
Papi’s Home,Drake,62.0,20.4,141,692
TWIST & TURN (feat. Drake & PARTYNEXTDOOR),Drake,72.5,15.6,130,834
Toosie Slide,Drake,70.6,12.7,98,773
From The D 2 The LBC (with Snoop Dogg),Eminem,53.7,23.8,144,605
The Monster,Eminem,57.9,21.2,152,717
Mockingbird,Eminem,66.2,14.2,160,1130
Without Me,Eminem,63.8,14.5,151,1041
Godzilla (feat. Juice WRLD),Eminem,60.1,13.4,177,1322
The Real Slim Shady,Eminem,67.8,12.6,160,1274
Love The Way You Lie,Eminem,62.1,20.9,147,702
Smack That,Eminem,41.5,39.9,73,183
Till I Collapse,Eminem,68.5,13.6,155,1143
Lose Yourself,Eminem,65.3,15.1,156,1036
Not Afraid,Eminem,68.1,15.1,157,1043
Stan,Eminem,69.4,14.6,187,1280
Superman,Eminem,74.6,11.5,144,1256
Forgot About Dre,Eminem,59.6,16.4,103,629
Lace It (with Eminem & benny blanco),Eminem,55.4,21.9,109,498
Doomsday Pt. 2 (with Eminem),Eminem,55.4,23.2,119,513
Sing For The Moment,Eminem,60.5,18.3,190,1039
What's The Difference,Eminem,51.7,28.6,99,346
My Name Is,Eminem,66.6,17.5,172,985
Never Enough,Eminem,52.8,25.4,107,422
River (feat. Ed Sheeran),Eminem,57.9,23.0,153,665
Rap God,Eminem,64.9,12.0,243,2030
Venom - Music From The Motion Picture,Eminem,48.7,17.4,132,760
Cleanin' Out My Closet,Eminem,66.0,14.6,137,940
Shake That,Eminem,55.9,24.6,117,476
Forever,Eminem,46.8,28.4,80,282
Lucky You (feat. Joyner Lucas),Eminem,59.6,18.9,166,878
Business,Eminem,66.7,16.4,157,955
Bitch Please II,Eminem,54.5,22.7,105,462
Killshot,Eminem,64.6,16.6,210,1264
The Watcher,Eminem,82.4,12.3,25,204
No Love,Eminem,70.7,15.2,124,817
Kill You,Eminem,67.0,13.3,169,1270
Crack A Bottle,Eminem,61.6,13.6,101,740
Higher,Eminem,64.6,13.6,156,1151
Just Lose It,Eminem,66.3,16.8,144,858
I Need A Doctor,Eminem,64.0,22.9,115,503
Role Model,Eminem,60.5,21.1,178,844
When I'm Gone,Eminem,68.3,12.9,144,1112
Space Bound,Eminem,61.3,21.5,147,685
Beautiful,Eminem,71.3,15.9,181,1141
Homicide (feat. Eminem),Eminem,50.9,23.5,139,591
Killer (feat. Jack Harlow & Cordae) - Remix,Eminem,64.6,17.5,142,811
Cinderella Man,Eminem,60.0,17.3,163,943
Remember The Name (feat. Eminem & 50 Cent),Eminem,64.3,21.1,74,350
"Last One Standing (feat. Polo G, Mozzy & Eminem) - From Venom: Let There Be Carnage",Eminem,57.3,24.2,113,466
Gospel (with Eminem),Eminem,56.0,22.1,132,598
Like Toy Soldiers,Eminem,63.8,18.9,180,950
Super Freaky Girl,Nicki Minaj,68.5,15.9,98,616
Red Ruby Da Sleeze,Nicki Minaj,65.0,14.1,125,884
FTCU,Nicki Minaj,67.8,15.7,76,484
Beauty And A Beat,Nicki Minaj,42.9,32.0,56,175
Barbie World (with Aqua) [From Barbie The Album],Nicki Minaj,67.6,14.6,52,355
Bang Bang,Nicki Minaj,65.8,16.5,60,363
Everybody (feat. Lil Uzi Vert),Nicki Minaj,72.3,10.9,72,661
Super Bass,Nicki Minaj,71.6,12.0,100,834
Side To Side,Nicki Minaj,56.5,24.8,57,230
Starships,Nicki Minaj,63.7,16.5,79,480
Tusa,Nicki Minaj,53.5,23.3,57,245
Pink Friday Girls,Nicki Minaj,65.3,19.3,98,507
Princess Diana (with Nicki Minaj),Nicki Minaj,70.3,16.0,97,607
Where Them Girls At (feat. Nicki Minaj & Flo Rida),Nicki Minaj,72.6,17.3,77,446
"Hey Mama (feat. Nicki Minaj, Bebe Rexha & Afrojack)",Nicki Minaj,66.0,21.9,78,356
Needle (feat. Drake),Nicki Minaj,62.9,17.1,81,475
Va Va Voom,Nicki Minaj,69.6,15.1,94,621
Swalla (feat. Nicki Minaj & Ty Dolla $ign),Nicki Minaj,48.5,27.1,72,266
Moment 4 Life,Nicki Minaj,62.8,18.2,94,516
Beep Beep,Nicki Minaj,44.8,31.7,82,259
Bottoms Up (feat. Nicki Minaj),Nicki Minaj,59.4,18.4,90,490
All Eyes on You (feat. Chris Brown & Nicki Minaj),Nicki Minaj,72.6,16.5,80,486
Monster,Nicki Minaj,43.7,30.7,104,339
Let Me Calm Down (feat. J. Cole),Nicki Minaj,67.2,20.4,77,378
Make Me Proud,Nicki Minaj,40.5,32.0,71,222
Plain Jane REMIX (feat. Nicki Minaj),Nicki Minaj,50.1,23.7,87,367
Woman Like Me (feat. Nicki Minaj),Nicki Minaj,53.8,20.3,62,305
Only,Nicki Minaj,54.2,32.3,81,251
Press Play (feat. Future),Nicki Minaj,57.4,22.8,85,373
Chun-Li,Nicki Minaj,60.3,21.6,119,552
Endless Fashion (feat. Nicki Minaj),Nicki Minaj,50.8,23.3,97,417
Ball For Me (feat. Nicki Minaj),Nicki Minaj,62.1,22.8,62,272
The Night Is Still Young,Nicki Minaj,68.4,15.3,91,594
Last Time I Saw You,Nicki Minaj,67.6,18.9,83,438
FEFE (feat. Nicki Minaj & Murda Beatz),Nicki Minaj,63.9,21.4,84,393
Turn Me On (feat. Nicki Minaj),Nicki Minaj,76.9,12.0,63,524
MotorSport,Nicki Minaj,56.8,26.6,82,308
Alone (with Nicki Minaj),Nicki Minaj,43.4,33.7,59,175
Bed (feat. Ariana Grande),Nicki Minaj,64.6,22.0,71,322
Your Love,Nicki Minaj,71.2,13.1,88,671
The Way Life Goes (feat. Nicki Minaj & Oh Wonder) - Remix,Nicki Minaj,76.2,13.2,101,765
Up All Night,Nicki Minaj,44.2,34.8,81,233
High School,Nicki Minaj,62.6,23.2,90,388
Swish Swish,Nicki Minaj,55.4,27.5,71,258
My Chick Bad,Nicki Minaj,35.9,37.9,58,153
"Runnin (with A$AP Rocky, A$AP Ferg & Nicki Minaj)",Nicki Minaj,38.0,35.5,59,166
Anaconda,Nicki Minaj,68.1,15.1,105,696
Save Me,Nicki Minaj,69.6,16.7,60,359
Pound Town 2 (feat. Nicki Minaj & Tay Keith),Nicki Minaj,50.9,30.5,67,220
Flawless Remix (feat. Nicki Minaj),Nicki Minaj,53.1,25.4,87,343
N.Y. State of Mind,Nas,60.4,18.4,195,1058
If I Ruled the World (Imagine That) (feat. Lauryn Hill),Nas,51.9,21.7,129,595
Road To Zion,Nas,43.8,29.9,84,281
Nas Is Like,Nas,61.9,18.2,167,916
It Ain't Hard to Tell,Nas,46.6,26.8,126,470
Get Down,Nas,53.3,23.7,182,769
The Message,Nas,33.9,41.5,49,118
Purple,Nas,58.0,20.5,171,833
The World Is Yours,Nas,62.5,18.5,175,946
Still Dreaming,Nas,64.4,17.2,117,680
We Major,Nas,46.6,27.7,98,354
I Can,Nas,68.4,14.3,150,1047
Represent,Nas,13.0,56.5,26,46
Like Smoke,Nas,50.8,25.4,140,551
Nas Morales (Metro Boomin & Nas),Nas,51.2,25.6,83,324
Hate Me Now (feat. Diddy),Nas,70.8,16.3,159,978
Life's a Bitch (feat. AZ & Olu Dara),Nas,48.1,33.0,112,339
"Affirmative Action (feat. AZ, Cormega & Foxy Brown)",Nas,32.0,40.5,62,153
On My Soul,Nas,52.7,27.4,65,237
"Living in Pain (feat. 2Pac, Mary J. Blige & Nas)",Nas,46.4,29.1,81,278
Halftime,Nas,61.0,19.6,168,857
Street Dreams,Nas,64.1,14.5,162,1116
Rodeo - feat. Nas,Nas,43.5,25.0,176,703
Made You Look,Nas,58.8,22.4,155,692
"One Mic, One Gun",Nas,59.6,22.5,88,391
Spicy (feat. Fivio Foreign & A$AP Ferg),Nas,54.1,25.5,80,314
Nobody (feat. Ms. Lauryn Hill),Nas,54.3,23.6,134,569
Ether,Nas,65.9,16.7,198,1185
Never Die (feat. Lil Wayne),Nas,58.2,26.2,101,385
27 Summers,Nas,49.7,28.3,85,300
Eye for a Eye (Your Beef Is Mines) (feat. Nas & Raekwon),Nas,45.3,32.4,83,256
I'm Gonna Be Alright (feat. Nas),Nas,79.0,11.0,88,799
Got Ur Self A Gun,Nas,65.1,16.0,161,1006
10k Hours (feat. Nas),Nas,52.0,27.3,75,275
I Love This Feeling,Nas,61.7,17.5,146,833
Wave Gods,Nas,64.5,19.5,92,471
Cherry Wine,Nas,57.9,22.3,120,539
I Gave You Power,Nas,65.5,17.6,179,1015
Fever,Nas,50.6,22.8,122,534
Thank God I Found You (feat. Joe & Nas) - Make It Last Remix Edit,Nas,59.5,20.9,93,444
EPMD 2 (feat. Eminem & EPMD),Nas,51.4,24.9,107,430
Take It In Blood,Nas,58.7,17.5,211,1207
We Are,Nas,37.5,40.0,64,160
Grand Finale,Nas,46.2,31.6,101,320
Sitting With My Thoughts,Nas,10.7,75.0,21,28
You Owe Me (feat. Ginuwine),Nas,72.0,15.0,117,778
Michael & Quincy,Nas,53.1,20.9,153,733
Office Hours (feat. 50 Cent),Nas,58.4,19.5,146,747
"John Blaze (feat. Nas, Big Punisher, Jadakiss & Raekwon)",Nas,36.7,34.3,71,207
Like That,Future,65.5,16.0,110,686
Cinderella,Future,60.7,18.2,70,384
Too Many Nights (feat. Don Toliver & with Future),Future,38.4,36.4,36,99
TELEKINESIS (feat. SZA & Future),Future,58.0,17.2,128,746
Love Me,Future,83.1,6.9,32,462
Type Shit,Future,69.5,16.4,109,663
Superhero (Heroes & Villains) [with Future & Chris Brown],Future,61.0,17.7,104,589
Solo,Future,73.2,13.9,82,590
Young Metro,Future,64.0,16.5,127,770
End Game,Future,70.0,12.5,68,543
Everyday,Future,63.4,9.5,60,634
I Can't Save You (Interlude) [with Future & feat. Don Toliver],Future,73.6,17.7,39,220
We Don't Trust You,Future,63.7,16.1,112,697
Mask Off,Future,61.7,14.9,102,684
Low Life (feat. The Weeknd),Future,68.0,12.7,131,1031
PUFFIN ON ZOOTIEZ,Future,69.5,13.1,122,930
Ice Attack,Future,63.9,14.5,112,770
Private Landing (feat. Justin Bieber & Future),Future,42.4,31.6,73,231
The Percocet & Stripper Joint,Future,55.5,21.6,97,449
LOVE YOU BETTER,Future,71.3,15.8,48,303
Slimed In,Future,66.9,18.7,119,637
Double Fantasy (with Future),Future,49.0,28.3,71,251
Loveeeeeee Song,Future,67.9,16.4,45,274
U Are My High (with Future),Future,71.4,12.3,62,504
Cold (feat. Future),Future,62.1,25.6,77,301
ARABI,Future,37.1,36.3,45,124
Flex Up (feat. Future & Playboi Carti),Future,65.9,19.5,75,384
Stand On It (with Future),Future,63.7,20.2,92,455
Life Is Good (feat. Drake),Future,60.3,16.1,107,665
KAPITOL DENIM,Future,50.9,17.4,51,293
Fine China,Future,50.0,31.2,45,144
pushin P (feat. Young Thug),Future,58.8,18.5,79,427
Married To The Game,Future,55.2,24.6,94,382
Turn On The Lights again.. (feat. Future & Fred again..) - Anyma Remix,Future,72.2,5.8,21,360
Too Comfortable,Future,60.6,14.5,119,822
Pardon Me (Lil Yachty feat. Future & Mike WiLL Made-It),Future,65.2,13.5,91,673
Die For Me (feat. Future & Halsey),Future,77.0,14.5,68,469
Giving Chanel,Future,59.3,19.8,100,504
Hard To Choose One,Future,67.6,14.0,132,945
Codeine Crazy,Future,65.4,12.3,163,1321
I Serve the Base,Future,60.6,17.7,118,665
X (feat. Future),Future,70.7,16.8,105,624
Drankin N Smokin,Future,66.8,17.2,97,563
Jumpman,Future,53.5,23.5,81,344
BROAD DAY (feat. Future),Future,47.6,33.7,70,208
Keep It Low (feat. Future),Future,64.1,21.1,83,393
Lock On Me (with Travis Scott & Future),Future,56.5,26.4,96,363
Sprinter,Dave,60.9,20.1,125,622
Location (feat. Burna Boy),Dave,46.2,31.5,109,346
Meridian,Dave,52.5,17.5,107,612
Incredible Sauce (feat. Dave),Dave,60.2,18.6,78,420
Starlight,Dave,65.2,18.7,134,716
UK Rap,Dave,60.3,20.3,93,459
Titanium,Dave,56.8,22.8,108,474
Cheat On Me (feat. Dave),Dave,47.6,28.6,53,185
Stop Giving Me Advice (with Jack Harlow & Dave),Dave,54.0,22.8,130,570
Trojan Horse,Dave,57.7,21.7,150,691
INTOXYCATED (feat. Dave),Dave,44.0,34.3,85,248
Verdansk,Dave,15.2,56.5,26,46
Special,Dave,52.4,22.0,136,617
Thiago Silva,Dave,64.2,20.6,124,601
Screwface Capital,Dave,58.3,20.7,164,794
Law Of Attraction (feat. Snoh Aalegra),Dave,60.6,25.9,94,363
Professor X,Dave,63.4,17.0,144,849
Funky Friday,Dave,61.1,22.2,85,383
Propeller (feat. Dave & BNXN),Dave,49.3,28.5,81,284
Clash (feat. Stormzy),Dave,62.6,16.2,90,554
Streatham,Dave,60.8,20.2,132,653
Our 25th Birthday,Dave,55.1,22.6,136,601
Samantha,Dave,61.2,24.7,95,384
System (feat. WizKid),Dave,48.8,31.5,91,289
No Words,Dave,67.0,15.0,48,321
Psycho,Dave,62.1,17.0,176,1038
Venting,Dave,40.2,43.5,40,92
Twenty To One,Dave,65.7,15.3,112,731
Hangman,Dave,57.0,20.7,162,783
Disaster (feat. J Hus),Dave,55.0,23.8,133,560
Wanna Know Remix (feat. Drake),Dave,69.9,15.9,55,345
Lazarus (feat. Boj),Dave,47.2,28.5,113,396
Money Talks (feat. Dave),Dave,64.8,22.3,92,412
Environment,Dave,55.6,20.3,159,782
Tequila,Dave,62.4,14.1,92,654
How I Met My Ex,Dave,65.0,11.8,237,2005
Peligro,Dave,53.0,28.7,113,394
Nothing On You (feat. Paulo Londra & Dave),Dave,30.9,33.1,46,139
Paper Cuts,Dave,63.7,21.3,130,611
Children Of The Internet - Ezra Collective Remix,Dave,44.7,22.8,132,579
My 19th Birthday,Dave,67.4,11.9,244,2059
Fresh Out The Bank (feat. Dave),Dave,55.7,28.9,83,287
18HUNNA (feat. Dave),Dave,45.5,33.1,85,257
Mercury,Dave,60.8,16.4,168,1025
Straight Murder (Giggs & David) [feat. Dave],Dave,58.5,22.2,146,658
Picture Me,Dave,64.3,14.9,187,1256
Playing For Keeps,Dave,42.7,44.4,52,117
God's Eye,Dave,56.3,18.7,169,906
100M's,Dave,66.6,16.6,106,637
Wanna Know,Dave,67.7,13.6,128,939
California Love - Original Version,2Pac,53.2,26.0,106,408
Ambitionz Az A Ridah,2Pac,62.8,12.8,165,1292
Do For Love,2Pac,67.8,14.1,126,892
Dear Mama,2Pac,83.3,13.9,15,108
All Eyez On Me (ft. Big Syke),2Pac,61.7,13.9,141,1018
Changes,2Pac,64.8,17.3,146,842
Keep Ya Head Up,2Pac,63.3,17.1,160,937
Ghetto Gospel,2Pac,75.6,20.7,28,135
2 Of Amerikaz Most Wanted (ft. Snoop Doggy Dogg),2Pac,57.4,15.8,123,777
So Many Tears,2Pac,58.1,17.5,137,781
I Get Around,2Pac,65.8,18.6,105,564
Lil' Homies,2Pac,59.9,14.7,135,916
How Do U Want It (ft. K-Ci & JoJo),2Pac,57.5,19.5,151,774
Hail Mary,2Pac,58.0,19.7,145,735
Thugz Mansion - 7 Remix,2Pac,58.1,19.0,158,831
Me Against The World,2Pac,58.5,16.1,117,727
Can't C Me,2Pac,65.1,17.7,157,885
Runnin' (Dying To Live),2Pac,44.1,28.1,86,306
Still Ballin' - Nitty Remix,2Pac,59.4,20.1,99,493
Breathin,2Pac,59.9,11.8,74,628
Only God Can Judge Me (ft. Rappin' 4-Tay),2Pac,64.4,14.9,138,924
Thug Luv (feat. 2pac),2Pac,56.5,24.6,99,402
Better Dayz,2Pac,59.6,17.8,142,799
Loyal To The Game,2Pac,56.1,15.0,223,1485
Deadly Combination (feat. 2Pac),2Pac,50.7,26.5,100,377
Troublesome '96,2Pac,36.0,27.0,27,100
Soon As I Get Home,2Pac,59.2,21.8,126,579
Until The End Of Time,2Pac,55.1,23.2,138,594
Smile,2Pac,53.5,25.0,140,559
To Live & Die In L.A.,2Pac,59.6,17.6,169,962
Old School,2Pac,54.1,18.4,145,788
Letter 2 My Unborn,2Pac,64.9,18.5,163,881
When We Ride On Our Enemies - Briss Remix,2Pac,62.3,18.6,107,575
Unconditional Love,2Pac,63.5,13.8,142,1030
Temptations,2Pac,62.3,16.1,129,803
Playa Cardz Right,2Pac,61.5,18.6,110,592
Pac's Life,2Pac,59.4,17.5,113,646
It Ain't Easy,2Pac,61.9,15.5,159,1024
Soldier Like Me,2Pac,62.3,14.1,131,928
Unchained (The Payback / Untouchable),2Pac,66.5,18.1,56,310
They Don't Give A F**** About Us,2Pac,61.0,17.6,111,630
Hellrazor,2Pac,59.6,17.7,165,933
Hennessey,2Pac,61.4,16.1,115,715
Pain,2Pac,53.5,22.4,116,518
"Biggie/Tupac Live Freestyle (Funkmaster Flex & Big Kap Feat. DJ Mister Cee, Notorious B.I.G & Tupac)",2Pac,64.2,3.9,560,14425
Open Fire,2Pac,58.5,20.2,141,699
Ballad Of A Dead Soulja,2Pac,80.0,13.3,28,210
Fame,2Pac,57.8,19.3,91,472
All The Stars (with SZA),Kendrick Lamar,59.7,19.4,66,340
LOVE. FEAT. ZACARI.,Kendrick Lamar,43.5,20.8,79,379
Swimming Pools (Drank),Kendrick Lamar,51.6,19.3,120,622
Alright,Kendrick Lamar,59.5,19.5,140,718
N95,Kendrick Lamar,41.8,27.5,50,182
HUMBLE.,Kendrick Lamar,70.0,15.6,113,724
family ties (with Kendrick Lamar),Kendrick Lamar,57.8,19.4,112,576
Money Trees,Kendrick Lamar,71.0,12.0,112,935
Rich Spirit,Kendrick Lamar,59.8,18.3,139,759
PRIDE.,Kendrick Lamar,60.5,20.1,123,612
Stay Ready (What A Life),Kendrick Lamar,61.1,24.6,103,419
Bad Blood (feat. Kendrick Lamar) (Taylor's Version),Kendrick Lamar,76.1,15.6,86,552
Die Hard,Kendrick Lamar,49.8,29.4,88,299
DNA.,Kendrick Lamar,47.6,27.0,34,126
Don't Wanna Know (feat. Kendrick Lamar),Kendrick Lamar,48.3,43.7,38,87
King Kunta,Kendrick Lamar,64.9,13.0,119,917
Count Me Out,Kendrick Lamar,69.5,15.3,170,1113
"F**kin' Problems (feat. Drake, 2 Chainz & Kendrick Lamar)",Kendrick Lamar,35.2,37.0,60,162
Pray For Me,Kendrick Lamar,43.2,36.2,88,243
Collard Greens,Kendrick Lamar,51.4,31.8,68,214
United In Grief,Kendrick Lamar,55.6,17.9,164,914
A.D.H.D,Kendrick Lamar,61.6,17.9,131,730
DUCKWORTH.,Kendrick Lamar,51.1,17.1,198,1160
Sidewalks,Kendrick Lamar,49.6,30.9,81,262
Wesley's Theory,Kendrick Lamar,54.7,21.3,131,616
Father Time (feat. Sampha),Kendrick Lamar,54.6,21.5,155,722
"Bitch, Don’t Kill My Vibe",Kendrick Lamar,68.5,13.3,127,955
Doves In The Wind (feat. Kendrick Lamar),Kendrick Lamar,48.4,27.5,79,287
Poetic Justice,Kendrick Lamar,68.0,13.7,114,831
i,Kendrick Lamar,36.0,38.4,63,164
The Greatest (feat. Kendrick Lamar),Kendrick Lamar,46.8,33.1,41,124
HUMBLE. - SKRILLEX REMIX,Kendrick Lamar,64.2,20.2,111,550
AMERICA HAS A PROBLEM (feat. Kendrick Lamar),Kendrick Lamar,70.4,16.3,87,533
Hair Down,Kendrick Lamar,50.4,27.0,69,256
The Hillbillies,Kendrick Lamar,66.3,18.7,129,689
Wat's Wrong (feat. Zacari & Kendrick Lamar),Kendrick Lamar,44.7,27.2,97,356
"King's Dead (with Kendrick Lamar, Future & James Blake)",Kendrick Lamar,68.6,18.0,116,646
Hol' Up,Kendrick Lamar,59.0,18.6,122,656
Backseat Freestyle,Kendrick Lamar,67.3,15.4,116,752
These Walls,Kendrick Lamar,58.6,19.5,150,771
Hood Gone Love It (feat. Kendrick Lamar),Kendrick Lamar,32.2,35.1,73,208
Walk On By,Kendrick Lamar,51.4,27.2,90,331
Mona Lisa (feat. Kendrick Lamar),Kendrick Lamar,56.9,20.3,118,580
Forbidden Fruit (feat. Kendrick Lamar),Kendrick Lamar,72.4,11.2,24,214
The Recipe - Bonus Track,Kendrick Lamar,45.5,26.2,102,389
HiiiPower,Kendrick Lamar,61.8,16.0,160,1003
Goosebumps,Kendrick Lamar,50.0,26.2,54,206
Wow Freestyle (feat. Kendrick Lamar),Kendrick Lamar,69.4,20.2,109,539
Stand Tall,Rapsody,54.0,23.3,104,446
Complexion (A Zulu Love),Rapsody,49.2,30.0,91,303
BROKE FOLK FUNK,Rapsody,66.5,17.4,102,585
Without You (feat. Rapsody),Rapsody,44.1,31.5,70,222
The Law (feat. Mac Miller & Rapsody),Rapsody,41.1,37.0,54,146
Asteroids,Rapsody,64.1,19.5,130,666
He Won't Hold You (feat. Rapsody),Rapsody,42.1,39.3,72,183
Eve Gene,Rapsody,32.9,36.4,82,225
OooWee,Rapsody,58.3,20.3,127,626
DIAMONDS & FREAKS,Rapsody,57.0,26.5,120,453
DON'T BREAK MY HEART - Acoustic Version,Rapsody,62.5,8.7,391,4510
HALFWAY RIGHT (with Rapsody & Alex Isley),Rapsody,43.2,39.2,78,199
Extra Extra (feat. Mac Miller & Halo),Rapsody,43.3,31.3,89,284
Ibtihaj,Rapsody,60.8,17.2,121,704
Remember Us (feat. Rapsody),Rapsody,55.3,23.0,86,374
The Other Ones (feat. Rapsody),Rapsody,52.1,30.5,58,190
Sojourner,Rapsody,54.9,23.9,140,585
Every Ghetto (feat. Rapsody),Rapsody,47.1,26.7,96,359
Deep End - Remix,Rapsody,41.0,40.2,94,234
Good Good Love (feat. BJ The Chicago Kid),Rapsody,64.0,21.6,121,559
I Can Make It,Rapsody,54.1,24.1,85,353
"On and On (feat. Harolddd, Ciara, Rapsody & Mav City Gospel Choir)",Rapsody,47.5,34.1,74,217
Laila’s Wisdom,Rapsody,57.4,22.6,142,629
Cleo,Rapsody,58.7,20.7,19,92
Love I Need,Rapsody,45.9,37.2,77,207
Blue Eyes - Interlude,Rapsody,43.0,29.5,61,207
Power,Rapsody,60.8,19.0,140,735
Maya,Rapsody,61.0,21.6,118,546
Remy Rap (feat. Remy Ma & Rapsody),Rapsody,43.2,31.5,97,308
"Love Is A Funny Thing (feat. Styles P, Rapsody & Khrysis)",Rapsody,55.3,29.3,63,215
Dust To Diamonds ft. Faouzia,Rapsody,61.0,8.1,409,5020
Oprah,Rapsody,49.3,18.6,81,436
Fallin,Rapsody,64.2,17.3,166,960
"Hallelujah (feat. Fashawn, Rapsody, Domo Genesis, Vinnie Paz & Action Bronson) [Bonus Track]",Rapsody,38.9,29.8,79,265
"Fight The Power: Remix 2020 (feat. Nas, Rapsody, Black Thought, Jahi, YG, & Questlove)",Rapsody,29.7,38.2,63,165
Nina,Rapsody,52.2,24.9,140,563
Get Together (feat. Rapsody),Rapsody,39.1,32.4,125,386
"Generation (feat. Mac Miller, Jared Evan)",Rapsody,52.8,15.3,100,653
2 AM,Rapsody,66.1,15.4,154,1002
"Black Folk (feat. Rapsody, Kota the Friend, Orleans Big, Dee-1, Alex Isley) - Remix",Rapsody,60.4,18.6,135,724
Intimidated,Rapsody,29.2,34.2,41,120
Dostoyevsky,Rapsody,48.0,35.4,104,294
Ocean Drive,Rapsody,23.1,40.7,37,91
Best I Can,Rapsody,57.6,24.3,91,375
Nobody,Rapsody,60.0,23.7,111,468
Stop Play Rewind,Rapsody,47.2,33.0,70,212
"Expectations [Feat. Baby Rose, Rapsody, James Poyser]",Rapsody,63.8,3.6,547,15330
On The Come Up,Rapsody,64.2,15.5,92,593
A Rollercoaster Jam Called Love,Rapsody,61.1,19.7,126,640
Praise The Lord (Da Shine) (feat. Skepta),Skepta,62.8,21.5,123,572
Praise The Lord (Da Shine) (feat. Skepta) - Durdenhauer Edit,Skepta,79.9,14.6,29,199
Tony Montana,Skepta,46.7,25.6,86,336
Gas Me Up (Diligent),Skepta,60.6,18.5,127,687
#skeptacore pt.3,Skepta,66.1,19.3,112,579
Lean 4 Real (feat. Skepta),Skepta,48.3,34.9,52,149
Energy (Stay Far Away),Skepta,34.0,40.4,63,156
Show Out (with Skepta & Pop Smoke),Skepta,34.7,40.8,60,147
Greaze Mode,Skepta,58.3,22.4,93,415
Papi Chulo,Skepta,45.7,31.0,65,210
Jangrova (feat. Tribal Mark),Skepta,50.9,14.1,97,688
Wow (feat. Skepta & Naira Marley),Skepta,42.0,39.1,66,169
Glow In The Dark,Skepta,52.2,25.1,116,462
Dimension (feat. Skepta & Rema),Skepta,46.4,31.4,88,280
That's Not Me,Skepta,68.4,19.7,104,529
#skeptacore pt.1,Skepta,57.7,23.8,140,588
Bullet From A Gun,Skepta,57.9,23.4,141,603
I Spy,Skepta,59.8,14.9,77,518
Shutdown,Skepta,64.3,18.2,118,650
Longtime (feat. Skepta),Skepta,34.8,41.9,65,155
What Do You Mean?,Skepta,55.2,27.7,114,411
#skeptacore pt.2,Skepta,55.6,25.1,134,534
U (JUJU) (feat. Skepta),Skepta,73.1,11.7,45,383
It Ain't Safe,Skepta,49.7,23.7,83,350
Love Me Not,Skepta,55.0,29.7,95,320
Touching My Body,Skepta,84.2,11.6,33,285
No Security,Skepta,63.6,15.8,133,843
"Can You Hear Me? (ayayaya) (feat. Skepta, JME & Ms D)",Skepta,49.7,32.7,50,153
Same Old Story,Skepta,70.0,16.3,137,840
Warm - Remix,Skepta,35.5,37.9,81,214
Same Shit Different Day,Skepta,51.9,26.0,147,565
Smoke In Your Eyes,Skepta,63.6,17.2,53,308
Kiss and Tell,Skepta,69.1,16.0,108,676
Ace Hood Flow,Skepta,53.8,19.8,165,834
All Alone,Skepta,33.8,38.3,77,201
Put That On My Set (feat. A$AP Rocky & Skepta),Skepta,39.6,37.1,73,197
Reflecting,Skepta,61.6,20.3,145,714
Waze,Skepta,31.4,39.6,63,159
Konnichiwa,Skepta,56.2,24.6,134,544
Castles,Skepta,55.8,22.7,115,507
Disguise,Skepta,43.3,22.6,61,270
Mains,Skepta,61.8,17.5,87,497
Bet (feat. Skepta & Michael Phantom),Skepta,36.6,45.5,61,134
Skepta x Fumez The Engineer - Plugged In,Skepta,61.6,21.7,183,844
Too Many Man,Skepta,70.1,18.3,146,799
CANCELLED (feat. Skepta),Skepta,61.7,14.3,84,587
Nirvana,Skepta,55.8,14.6,94,642
Duppy - Jamie Duggan Mix,Skepta,64.7,7.8,434,5590
For You,Skepta,39.9,34.9,98,281
Work Out,J. Cole,76.8,15.1,121,802
Power Trip (feat. Miguel),J. Cole,71.5,14.2,106,747
MIDDLE CHILD,J. Cole,67.2,16.1,141,874
on the street (with J. Cole),J. Cole,55.9,21.9,112,512
"To Summer, From Cole - Audio Hug",J. Cole,59.1,23.0,110,479
Love Yourz,J. Cole,62.3,17.2,123,717
m y . l i f e (with 21 Savage & Morray),J. Cole,63.9,18.9,109,576
All My Life (feat. J. Cole),J. Cole,57.9,20.8,115,554
Kevin’s Heart,J. Cole,70.1,13.9,111,796
All I Want Is You (feat. J. Cole),J. Cole,56.7,29.8,97,326
a m a r i,J. Cole,51.7,21.8,133,611
Pretty Little Fears (feat. J. Cole),J. Cole,52.2,28.7,99,345
Neighbors,J. Cole,60.3,16.7,127,761
Under The Sun (with J. Cole & Lute feat. DaBaby),J. Cole,47.8,30.9,64,207
p r i d e . i s . t h e . d e v i l (with Lil Baby),J. Cole,64.6,15.5,89,574
She Knows (feat. Amber Coffman & Cults),J. Cole,74.7,13.3,90,679
Can't Get Enough,J. Cole,67.7,19.5,122,625
Deja Vu,J. Cole,67.0,12.0,126,1052
Crooked Smile (feat. TLC),J. Cole,71.6,14.9,124,835
In The Morning,J. Cole,59.5,18.2,105,576
Apparently,J. Cole,69.1,17.1,131,767
Nobody's Perfect,J. Cole,48.1,29.8,109,366
Planez,J. Cole,54.6,28.2,92,326
She's Mine Pt. 1,J. Cole,63.7,18.5,76,410
i n t e r l u d e,J. Cole,54.9,24.8,115,463
Adonis Interlude (The Montage) (with J. Cole),J. Cole,43.6,28.7,92,321
"Down Bad (feat. JID, Bas, J. Cole, EARTHGANG & Young Nudy)",J. Cole,29.1,47.7,72,151
She's Mine Pt. 2,J. Cole,68.7,17.5,120,684
p u n c h i n ‘ . t h e . c l o c k,J. Cole,50.9,28.0,125,446
Your Heart,J. Cole,54.2,24.5,91,371
Sacrifices (with EARTHGANG & J. Cole feat. Smino & Saba),J. Cole,55.0,26.6,130,489
Change,J. Cole,65.3,13.2,182,1374
l e t . g o . m y . h a n d (with Bas & 6LACK),J. Cole,56.0,21.2,116,546
Shea Butter Baby (with J. Cole),J. Cole,63.6,20.1,79,393
Come Through and Chill (feat. J. Cole & Salaam Remi),J. Cole,58.7,22.5,97,431
Ville Mentality,J. Cole,72.3,16.9,73,433
The London (feat. J. Cole & Travis Scott),J. Cole,44.7,32.2,88,273
Tribe (with J. Cole),J. Cole,70.2,18.2,92,506
Snow On Tha Bluff,J. Cole,59.0,19.1,150,786
Heaven’s EP (with J. Cole),J. Cole,51.2,23.1,158,685
Home Alone (with J. Cole),J. Cole,58.9,13.9,104,749
KOD,J. Cole,67.6,14.0,109,777
